Site:Year,Estimate_days,Error_days,CI_lower_days,CI_upper_days,Phenology ,n_obs
Adventdalen_2015,-0.75441,0.547074,-1.9739,0.226694,Green up,276
Adventdalen_2015,-2.44731,0.659066,-3.8257,-1.21659,Flowering,279
Adventdalen_2015,-1.96968,0.628578,-3.2628,-0.72328,End of Flowering,206
Adventdalen_2015,-2.93944,1.504451,-5.95937,0.021029,Seed Dispersal,208
Adventdalen_2015,0.698543,0.495484,-0.36909,1.630489,Leaf Senescence,107
Alexandra Fiord_1992,-0.71553,0.565394,-1.9668,0.341888,Green up,226
Alexandra Fiord _1992,-2.44781,0.658295,-3.83351,-1.2315,Flowering,101
Alexandra Fiord _1992,-1.96133,0.622848,-3.21385,-0.72302,End of Flowering,27
Alexandra Fiord _1992,-2.6956,1.925402,-6.8241,0.958164,Fruiting,106
Alexandra Fiord _1992,-2.86362,1.50466,-5.85163,0.132265,Seed Dispersal,38
Alexandra Fiord _1992,0.771558,0.456572,-0.15236,1.66347,Leaf Senescence,59
Alexandra Fiord _1993,-0.76264,0.561197,-1.99641,0.265094,Green up,425
Alexandra Fiord _1993,-2.4154,0.654525,-3.77128,-1.20575,Flowering,221
Alexandra Fiord _1993,-1.99362,0.633486,-3.2776,-0.73894,End of Flowering,202
Alexandra Fiord _1993,-2.51734,1.909347,-6.57349,1.073394,Fruiting,175
Alexandra Fiord _1993,-2.87036,1.502158,-5.8603,0.053383,Seed Dispersal,59
Alexandra Fiord _1993,0.734976,0.458029,-0.21025,1.618833,Leaf Senescence,55
Alexandra Fiord _1994,-0.77169,0.548588,-2.01059,0.218211,Green up,462
Alexandra Fiord_1994,-2.39441,0.668885,-3.78113,-1.13793,Flowering,311
Alexandra Fiord_1994,-2.04665,0.648192,-3.3975,-0.77706,End of Flowering,239
Alexandra Fiord_1994,-2.57556,1.911406,-6.56821,1.028512,Fruiting,257
Alexandra Fiord_1994,-2.84933,1.507169,-5.86431,0.112399,Seed Dispersal,73
Alexandra Fiord_1994,0.744746,0.442762,-0.16273,1.581204,Leaf Senescence,320
Alexandra Fiord_1995,-0.7559,0.551246,-1.97231,0.244087,Green up,432
Alexandra Fiord_1995,-2.4778,0.653305,-3.84518,-1.2736,Flowering,351
Alexandra Fiord_1995,-2.04413,0.632626,-3.3625,-0.82035,End of Flowering,259
Alexandra Fiord_1995,-2.71634,1.911396,-6.74395,0.87591,Fruiting,240
Alexandra Fiord_1995,-2.92862,1.500826,-5.9592,0.004114,Seed Dispersal,65
Alexandra Fiord_1995,0.84925,0.464196,-0.07383,1.787963,Leaf Senescence,394
Alexandra Fiord_1996,-0.71017,0.564829,-1.92598,0.339826,Green up,806
Alexandra Fiord_1996,-2.47569,0.664515,-3.87523,-1.25624,Flowering,375
Alexandra Fiord_1996,-1.93141,0.640266,-3.25759,-0.67906,End of Flowering,326
Alexandra Fiord_1996,-2.93035,1.951735,-7.11792,0.749751,Fruiting,223
Alexandra Fiord_1996,-2.98596,1.534019,-6.03464,-0.01564,Seed Dispersal,29
Alexandra Fiord_1996,0.744116,0.449761,-0.17191,1.623064,Leaf Senescence,142
Alexandra Fiord_1997,-0.75072,0.541957,-1.9202,0.241349,Green up,301
Alexandra Fiord_1997,-2.37019,0.663923,-3.73988,-1.11701,Flowering,304
Alexandra Fiord_1997,-2.02614,0.664188,-3.39434,-0.74339,End of Flowering,230
Alexandra Fiord_1997,-2.12453,1.958521,-6.17527,1.638746,Fruiting,169
Alexandra Fiord_1997,-2.70233,1.609931,-5.86246,0.561425,Seed Dispersal,34
Alexandra Fiord_1998,-0.73675,0.539541,-1.92495,0.25403,Green up,510
Alexandra Fiord_1998,-2.34294,0.669055,-3.69945,-1.06497,Flowering,430
Alexandra Fiord_1998,-2.00315,0.630765,-3.30528,-0.75638,End of Flowering,318
Alexandra Fiord_1998,-2.45718,1.909774,-6.48599,1.168499,Fruiting,297
Alexandra Fiord_1998,-2.96762,1.48547,-5.92373,-0.0915,Seed Dispersal,110
Alexandra Fiord_1998,0.790449,0.438537,-0.09017,1.676619,Leaf Senescence,440
Alexandra Fiord_1999,-1.96543,0.629624,-3.25406,-0.71802,End of Flowering,20
Alexandra Fiord_1999,-2.60601,1.908584,-6.62726,0.962236,Fruiting,95
Alexandra Fiord_1999,-2.67977,1.645853,-5.9341,0.683594,Seed Dispersal,149
Alexandra Fiord_2000,-0.70547,0.540097,-1.86067,0.31171,Green up,622
Alexandra Fiord_2000,-2.40702,0.655659,-3.77123,-1.18899,Flowering,415
Alexandra Fiord_2000,-1.98356,0.622548,-3.25217,-0.75514,End of Flowering,248
Alexandra Fiord_2000,-2.53282,1.911024,-6.5588,1.085716,Fruiting,246
Alexandra Fiord_2000,-2.93923,1.489832,-5.91338,-0.03436,Seed Dispersal,53
Alexandra Fiord_2000,0.768494,0.493297,-0.23638,1.760001,Leaf Senescence,27
Alexandra Fiord_2001,-0.72725,0.554185,-1.93759,0.295429,Green up,756
Alexandra Fiord_2001,-2.50956,0.662937,-3.90765,-1.2882,Flowering,325
Alexandra Fiord_2001,-1.95254,0.637244,-3.23536,-0.66682,End of Flowering,229
Alexandra Fiord_2001,-2.81837,1.935466,-6.91129,0.850526,Fruiting,211
Alexandra Fiord_2001,-3.01986,1.569406,-6.24046,0.004892,Seed Dispersal,32
Alexandra Fiord_2001,0.504441,0.587897,-0.78609,1.528171,Leaf Senescence,60
Alexandra Fiord_2002,-0.75972,0.541422,-1.95828,0.215101,Green up,720
Alexandra Fiord_2002,-2.4161,0.649063,-3.76361,-1.22492,Flowering,401
Alexandra Fiord_2002,-1.9864,0.617522,-3.27431,-0.76946,End of Flowering,259
Alexandra Fiord_2002,-2.55477,1.906218,-6.55355,1.076142,Fruiting,277
Alexandra Fiord_2002,-2.92861,1.501224,-5.88699,-0.00691,Seed Dispersal,25
Alexandra Fiord_2002,0.743375,0.486628,-0.24309,1.686875,Leaf Senescence,64
Alexandra Fiord_2003,-0.68835,0.545146,-1.85037,0.353356,Green up,332
Alexandra Fiord_2003,-2.40358,0.652789,-3.76826,-1.17366,Flowering,231
Alexandra Fiord_2003,-1.95023,0.623153,-3.20834,-0.70273,End of Flowering,187
Alexandra Fiord_2003,-2.38121,1.916978,-6.39178,1.218374,Fruiting,225
Alexandra Fiord_2003,-2.89573,1.492999,-5.86873,0.053341,Seed Dispersal,47
Alexandra Fiord_2003,0.713322,0.444082,-0.1941,1.578109,Leaf Senescence,225
Alexandra Fiord_2004,-0.73264,0.533273,-1.88914,0.246045,Green up,623
Alexandra Fiord_2004,-2.49561,0.656758,-3.88499,-1.28733,Flowering,374
Alexandra Fiord_2004,-1.96479,0.632912,-3.24451,-0.69639,End of Flowering,221
Alexandra Fiord_2004,-2.7956,1.926549,-6.85865,0.890275,Fruiting,229
Alexandra Fiord_2004,-2.98678,1.531939,-6.0681,0.016584,Seed Dispersal,31
Alexandra Fiord_2004,0.828087,0.461305,-0.1019,1.755267,Leaf Senescence,335
Alexandra Fiord_2005,-0.74214,0.536049,-1.9126,0.234868,Green up,673
Alexandra Fiord_2005,-2.48012,0.657855,-3.84525,-1.25519,Flowering,242
Alexandra Fiord_2005,-1.9654,0.622031,-3.24306,-0.74498,End of Flowering,219
Alexandra Fiord_2005,-2.71131,1.917727,-6.75327,0.910833,Fruiting,213
Alexandra Fiord_2005,-2.99038,1.533922,-6.13446,0.008393,Seed Dispersal,36
Alexandra Fiord_2005,0.779082,0.45112,-0.14348,1.671917,Leaf Senescence,240
Alexandra Fiord_2009,-0.73358,0.572238,-2.00094,0.328534,Green up,132
Alexandra Fiord_2009,-2.41201,0.656297,-3.76274,-1.16805,Flowering,185
Alexandra Fiord_2009,-1.98845,0.622579,-3.26697,-0.76567,End of Flowering,169
Alexandra Fiord_2009,-2.57891,1.903866,-6.55163,1.018148,Fruiting,229
Alexandra Fiord_2009,-2.84839,1.504056,-5.8168,0.122528,Seed Dispersal,58
Alexandra Fiord_2009,0.894806,0.472533,-0.01625,1.894178,Leaf Senescence,412
Alexandra Fiord_2010,-0.72742,0.536084,-1.8841,0.244956,Green up,133
Alexandra Fiord_2010,-2.46865,0.653649,-3.8662,-1.2748,Flowering,72
Alexandra Fiord_2010,-1.97567,0.626767,-3.25635,-0.74389,End of Flowering,35
Alexandra Fiord_2010,-2.51366,1.921392,-6.54235,1.077254,Fruiting,76
Alexandra Fiord_2010,-2.90167,1.497575,-5.91035,0.001026,Seed Dispersal,35
Alexandra Fiord_2010,0.615155,0.50449,-0.45637,1.533363,Leaf Senescence,77
Alexandra Fiord_2011,-0.72879,0.546067,-1.90385,0.269029,Green up,56
Alexandra Fiord_2011,-2.43794,0.651896,-3.78602,-1.22426,Flowering,61
Alexandra Fiord_2011,-2.0005,0.632816,-3.30638,-0.78084,End of Flowering,31
Alexandra Fiord_2011,-2.44399,1.911767,-6.45086,1.160972,Fruiting,59
Alexandra Fiord_2011,-2.85162,1.507351,-5.84786,0.129816,Seed Dispersal,24
Alexandra Fiord_2011,0.759786,0.453438,-0.14696,1.662578,Leaf Senescence,20
Alexandra Fiord_2012,-0.73902,0.54542,-1.92698,0.260648,Green up,35
Alexandra Fiord_2012,-2.43615,0.652225,-3.79869,-1.23466,Flowering,184
Alexandra Fiord_2012,-2.01466,0.633911,-3.32523,-0.7572,End of Flowering,153
Alexandra Fiord_2012,-2.40582,1.915308,-6.39524,1.177302,Fruiting,160
Alexandra Fiord_2012,-2.93418,1.486123,-5.91835,-0.05366,Seed Dispersal,111
Alexandra Fiord_2012,0.822425,0.457578,-0.07403,1.742254,Leaf Senescence,182
Alexandra Fiord_2013,-0.72951,0.545359,-1.88595,0.274713,Green up,163
Alexandra Fiord_2013,-2.46293,0.658012,-3.83221,-1.2438,Flowering,207
Alexandra Fiord_2013,-1.96345,0.627751,-3.25961,-0.72182,End of Flowering,152
Alexandra Fiord_2013,-2.67907,1.920198,-6.68486,0.954312,Fruiting,167
Alexandra Fiord_2013,-2.97292,1.519432,-6.08259,-0.01495,Seed Dispersal,38
Alexandra Fiord_2013,0.902658,0.488984,-0.03224,1.921966,Leaf Senescence,152
Alexandra Fiord_2015,-2.46172,0.65788,-3.83305,-1.24337,Flowering,24
Alexandra Fiord_2015,-1.93055,0.66094,-3.26996,-0.61124,End of Flowering,23
Alexandra Fiord _2015,-2.61071,1.916658,-6.64856,1.048225,Fruiting,24
Atqasuk_1998,-0.75822,0.54806,-1.94554,0.253119,Green up,1367
Atqasuk_1998,-2.4206,0.656349,-3.79058,-1.20517,Flowering,404
Atqasuk_1998,-1.98587,0.624168,-3.27511,-0.73624,End of Flowering,398
Atqasuk_1998,-2.41449,1.913275,-6.43509,1.194369,Fruiting,267
Atqasuk_1998,-2.72073,1.500592,-5.74269,0.236392,Seed Dispersal,209
Atqasuk_1998,0.659101,0.456124,-0.31745,1.492381,Leaf Senescence,414
Atqasuk_1999,-0.67883,0.543338,-1.84807,0.355609,Green up,1358
Atqasuk_1999,-2.45003,0.656105,-3.817,-1.23554,Flowering,413
Atqasuk_1999,-1.94299,0.623199,-3.20998,-0.69837,End of Flowering,409
Atqasuk_1999,-2.56277,1.910769,-6.53846,1.093262,Fruiting,267
Atqasuk_1999,-2.96108,1.486331,-5.97276,-0.09322,Seed Dispersal,212
Atqasuk_1999,0.821683,0.443323,-0.05794,1.71537,Leaf Senescence,403
Atqasuk_2000,-0.71733,0.54002,-1.89789,0.26951,Green up,1355
Atqasuk_2000,-2.44855,0.656338,-3.82376,-1.24801,Flowering,402
Atqasuk_2000,-1.97705,0.623089,-3.2523,-0.75575,End of Flowering,398
Atqasuk_2000,-2.61935,1.90837,-6.61753,1.000128,Fruiting,238
Atqasuk_2000,-2.93992,1.490555,-5.92847,-0.00021,Seed Dispersal,114
Atqasuk_2000,0.825329,0.441657,-0.04597,1.717455,Leaf Senescence,307
Atqasuk_2001,-0.70644,0.606321,-1.9966,0.439057,Green up,281
Atqasuk_2001,-2.47827,0.661684,-3.86142,-1.27108,Flowering,80
Atqasuk_2001,-1.92288,0.647963,-3.20997,-0.64148,End of Flowering,68
Atqasuk_2001,-3.14124,2.030049,-7.4743,0.652099,Fruiting,51
Atqasuk_2007,-0.72754,0.538556,-1.88733,0.260039,Green up,117
Atqasuk_2007,-2.42032,0.650693,-3.77736,-1.20771,Flowering,432
Atqasuk_2007,-1.98904,0.616241,-3.26109,-0.80817,End of Flowering,427
Atqasuk_2007,-2.65005,1.920179,-6.69955,0.937338,Fruiting,275
Atqasuk_2007,-3.02304,1.518376,-6.13595,-0.08373,Seed Dispersal,55
Atqasuk_2007,0.804224,0.444495,-0.09434,1.685796,Leaf Senescence,48
Atqasuk_2008,-0.69346,0.538278,-1.86145,0.283788,Green up,1405
Atqasuk_2008,-2.41426,0.653774,-3.79443,-1.18914,Flowering,399
Atqasuk_2008,-2.00778,0.622781,-3.30076,-0.77891,End of Flowering,420
Atqasuk_2008,-2.51183,1.911755,-6.47351,1.092725,Fruiting,339
Atqasuk_2008,-2.89612,1.491535,-5.89785,0.058889,Seed Dispersal,186
Atqasuk_2008,0.701582,0.455267,-0.24801,1.571125,Leaf Senescence,176
Atqasuk_2010,-0.76541,0.551344,-1.98031,0.231709,Green up,116
Atqasuk_2010,-2.47832,0.653885,-3.8634,-1.27446,Flowering,367
Atqasuk_2010,-1.93603,0.638628,-3.21277,-0.65191,End of Flowering,384
Atqasuk_2010,-2.95838,1.974077,-7.1397,0.795248,Fruiting,188
Atqasuk_2010,-2.96328,1.528389,-6.02803,0.007994,Seed Dispersal,38
Atqasuk_2010,0.801946,0.449704,-0.08822,1.700455,Leaf Senescence,213
Atqasuk_2011,-0.70878,0.540944,-1.87565,0.326857,Green up,108
Atqasuk_2011,-2.42449,0.647182,-3.78906,-1.23056,Flowering,348
Atqasuk_2011,-1.97875,0.6187,-3.25388,-0.76425,End of Flowering,338
Atqasuk_2011,-2.50106,1.912791,-6.5652,1.142436,Fruiting,286
Atqasuk_2011,-2.93595,1.500493,-5.98958,0.007008,Seed Dispersal,53
Atqasuk_2011,0.601438,0.50975,-0.49887,1.546839,Leaf Senescence,233
Atqasuk_2012,-0.70919,0.544752,-1.87634,0.312337,Green up,123
Atqasuk_2012,-2.41603,0.652328,-3.78003,-1.18558,Flowering,287
Atqasuk_2012,-1.99604,0.626785,-3.283,-0.75896,End of Flowering,373
Atqasuk_2012,-2.29677,1.916681,-6.2918,1.306061,Fruiting,386
Atqasuk_2012,-2.90699,1.488371,-5.9005,-0.04969,Seed Dispersal,308
Atqasuk_2012,0.722197,0.457028,-0.21993,1.597365,Leaf Senescence,182
Atqasuk_2013,-0.73752,0.549401,-1.93869,0.262765,Green up,103
Atqasuk_2013,-2.38827,0.663759,-3.77302,-1.13978,Flowering,328
Atqasuk_2013,-1.97687,0.624933,-3.22702,-0.73636,End of Flowering,300
Atqasuk_2013,-2.45103,1.913024,-6.46794,1.135453,Fruiting,392
Atqasuk_2013,-2.83428,1.488853,-5.80474,0.151077,Seed Dispersal,325
Atqasuk_2013,0.640461,0.468938,-0.36717,1.505394,Leaf Senescence,347
Atqasuk_2014,-0.71666,0.544161,-1.88524,0.307786,Green up,125
Atqasuk_2014,-2.4791,0.653358,-3.85387,-1.27494,Flowering,437
Atqasuk_2014,-1.9783,0.617983,-3.27366,-0.74736,End of Flowering,425
Atqasuk_2014,-2.57269,1.910711,-6.65935,1.00305,Fruiting,357
Atqasuk_2014,-2.85658,1.490449,-5.82841,0.087793,Seed Dispersal,228
Atqasuk_2014,0.803182,0.44366,-0.09263,1.676511,Leaf Senescence,165
Atqasuk_2015,-0.7836,0.618395,-2.13247,0.341921,Green up,148
Atqasuk_2015,-2.3735,0.659111,-3.74308,-1.14533,Flowering,318
Atqasuk_2015,-2.01958,0.630565,-3.32554,-0.78661,End of Flowering,370
Atqasuk_2015,-2.28812,1.926009,-6.31645,1.359552,Fruiting,305
Atqasuk_2015,-2.73358,1.504782,-5.74875,0.324313,Seed Dispersal,230
Atqasuk_2015,0.989601,0.546366,-0.02105,2.182893,Leaf Senescence,157
Atqasuk_2016,-0.73484,0.546759,-1.92223,0.281818,Green up,141
Atqasuk_2016,-2.37378,0.661774,-3.73583,-1.1353,Flowering,366
Atqasuk_2016,-2.00089,0.635968,-3.30703,-0.75733,End of Flowering,416
Atqasuk_2016,-2.33996,1.924201,-6.36679,1.322036,Fruiting,327
Atqasuk_2016,-2.73508,1.504141,-5.74088,0.252301,Seed Dispersal,303
Atqasuk_2016,0.725698,0.435015,-0.15882,1.562768,Leaf Senescence,511
Atqasuk_2017,-0.72005,0.533455,-1.87233,0.283635,Green up,145
Atqasuk_2017,-2.41751,0.650838,-3.78157,-1.19636,Flowering,336
Atqasuk_2017,-1.99285,0.622763,-3.30327,-0.77144,End of Flowering,363
Atqasuk_2017,-2.47394,1.911941,-6.44111,1.125148,Fruiting,323
Atqasuk_2017,-2.95981,1.48696,-5.95191,-0.03184,Seed Dispersal,204
Atqasuk_2017,0.820652,0.437393,-0.05957,1.721554,Leaf Senescence,531
Atqasuk_2018,-0.70685,0.590011,-1.9588,0.410614,Green up,150
Atqasuk_2018,-2.55443,0.694942,-4.03512,-1.30374,Flowering,419
Atqasuk_2018,-1.91195,0.661231,-3.22568,-0.60856,End of Flowering,396
Atqasuk_2018,-2.93147,1.95497,-7.12802,0.800447,Fruiting,378
Atqasuk_2018,-3.10102,1.60051,-6.36677,-0.04532,Seed Dispersal,73
Atqasuk_2018,0.561697,0.509704,-0.5463,1.491429,Leaf Senescence,511
Atqasuk_2019,-0.72061,0.543526,-1.8866,0.295377,Green up,159
Atqasuk_2019,-2.4113,0.654637,-3.77382,-1.18669,Flowering,377
Atqasuk_2019,-1.99068,0.629449,-3.28078,-0.75556,End of Flowering,397
Atqasuk_2019,-2.40785,1.909546,-6.39361,1.265848,Fruiting,332
Atqasuk_2019,-2.80605,1.512533,-5.80592,0.183368,Seed Dispersal,261
Atqasuk_2019,0.950987,0.492144,0.018359,2.003689,Leaf Senescence,589
Utqiagvik_1994,-0.72037,0.660958,-2.14714,0.543474,Green up,207
Utqiagvik_1994,-2.54773,0.689256,-4.01412,-1.27515,Flowering,279
Utqiagvik_1994,-1.95571,0.646135,-3.25595,-0.6791,End of Flowering,123
Utqiagvik_1994,-2.77578,1.936896,-6.93222,0.877838,Fruiting,27
Utqiagvik_1995,-0.6944,0.536885,-1.85828,0.296762,Green up,983
Utqiagvik_1995,-2.45543,0.653418,-3.81325,-1.25356,Flowering,598
Utqiagvik_1995,-1.9702,0.621227,-3.24512,-0.74713,End of Flowering,170
Utqiagvik_1995,-2.60393,1.914168,-6.62539,1.056415,Fruiting,90
Utqiagvik_1996,-0.76066,0.587578,-2.04328,0.3283,Green up,982
Utqiagvik_1996,-2.44456,0.677556,-3.86349,-1.17718,Flowering,642
Utqiagvik_1996,-2.05318,0.653285,-3.4262,-0.79242,End of Flowering,343
Utqiagvik_1996,-2.07157,1.983311,-6.16901,1.672076,Fruiting,66
Utqiagvik_1996,0.779401,0.447908,-0.12192,1.661924,Leaf Senescence,17
Utqiagvik_1997,-0.73305,0.527696,-1.88868,0.236921,Green up,1177
Utqiagvik_1997,-2.43514,0.645363,-3.78475,-1.24683,Flowering,808
Utqiagvik_1997,-2.00257,0.615009,-3.25642,-0.78259,End of Flowering,600
Utqiagvik_1997,-2.65624,1.913986,-6.73614,0.915377,Fruiting,240
Utqiagvik_1997,0.567927,0.527814,-0.5766,1.521689,Leaf Senescence,214
Utqiagvik_1998,-0.77404,0.541863,-1.97773,0.214999,Green up,1206
Utqiagvik_1998,-2.37939,0.65488,-3.72493,-1.15003,Flowering,762
Utqiagvik_1998,-1.99759,0.625108,-3.29232,-0.76354,End of Flowering,577
Utqiagvik_1998,-2.4983,1.905053,-6.55182,1.091583,Fruiting,307
Utqiagvik_1998,-2.81334,1.507856,-5.82706,0.220081,Seed Dispersal,82
Utqiagvik_1998,0.66096,0.454033,-0.3,1.514234,Leaf Senescence,460
Utqiagvik_1999,-0.7293,0.563495,-1.96177,0.299877,Green up,973
Utqiagvik_1999,-2.42577,0.651332,-3.75977,-1.20633,Flowering,788
Utqiagvik_1999,-1.977,0.616374,-3.21088,-0.77134,End of Flowering,602
Utqiagvik_1999,-2.80391,1.922155,-6.87964,0.850563,Fruiting,407
Utqiagvik_1999,-2.98026,1.514554,-6.06066,-0.01675,Seed Dispersal,45
Utqiagvik_1999,0.796922,0.445082,-0.09227,1.677083,Leaf Senescence,79
Utqiagvik_2000,-0.71079,0.529526,-1.8772,0.245987,Green up,1113
Utqiagvik_2000,-2.4547,0.649371,-3.82027,-1.24331,Flowering,808
Utqiagvik_2000,-2.00112,0.62461,-3.30222,-0.77771,End of Flowering,605
Utqiagvik_2000,-2.6084,1.907803,-6.63981,1.033171,Fruiting,465
Utqiagvik_2000,-2.98269,1.507199,-6.1054,-0.07568,Seed Dispersal,99
Utqiagvik_2000,0.815641,0.434559,-0.05994,1.694924,Leaf Senescence,686
Utqiagvik_2001,-0.71778,0.53232,-1.86402,0.257214,Green up,210
Utqiagvik_2001,-2.50857,0.66038,-3.92417,-1.29528,Flowering,96
Utqiagvik_2001,-1.95451,0.631714,-3.23764,-0.71448,End of Flowering,39
Utqiagvik_2001,-2.81702,1.945207,-6.95115,0.83505,Fruiting,9
Utqiagvik_2007,-0.7294,0.539469,-1.90744,0.259706,Green up,400
Utqiagvik_2007,-2.45078,0.651391,-3.80436,-1.25426,Flowering,727
Utqiagvik_2007,-1.99239,0.621039,-3.24918,-0.75708,End of Flowering,658
Utqiagvik_2007,-2.35802,1.907938,-6.36573,1.240046,Fruiting,444
Utqiagvik_2007,-2.81308,1.503292,-5.78387,0.155369,Seed Dispersal,139
Utqiagvik_2007,0.894836,0.47637,-0.03213,1.887401,Leaf Senescence,408
Utqiagvik_2008,-0.74223,0.534617,-1.91181,0.229346,Green up,1074
Utqiagvik_2008,-2.44817,0.65105,-3.81665,-1.23562,Flowering,760
Utqiagvik_2008,-1.97224,0.61604,-3.22189,-0.75579,End of Flowering,592
Utqiagvik_2008,-2.47312,1.90418,-6.48215,1.127049,Fruiting,457
Utqiagvik_2008,-2.82476,1.50398,-5.78598,0.124338,Seed Dispersal,40
Utqiagvik_2008,0.817829,0.437219,-0.0615,1.693951,Leaf Senescence,508
Utqiagvik_2010,-0.70038,0.567798,-1.91971,0.357415,Green up,381
Utqiagvik_2010,-2.47776,0.665285,-3.88359,-1.23446,Flowering,627
Utqiagvik_2010,-1.90795,0.652367,-3.22757,-0.58955,End of Flowering,495
Utqiagvik_2010,-2.99337,1.959337,-7.1181,0.725988,Fruiting,382
Utqiagvik_2010,-2.99044,1.545733,-6.16259,-0.01322,Seed Dispersal,28
Utqiagvik_2010,0.666888,0.451998,-0.27512,1.519428,Leaf Senescence,312
Utqiagvik_2011,-0.74339,0.53762,-1.91471,0.240406,Green up,374
Utqiagvik_2011,-2.42087,0.646306,-3.78372,-1.21496,Flowering,603
Utqiagvik_2011,-1.95346,0.616666,-3.20412,-0.72217,End of Flowering,554
Utqiagvik_2011,-2.77931,1.927318,-6.88257,0.857053,Fruiting,342
Utqiagvik_2011,-2.94813,1.505591,-5.99725,-0.01585,Seed Dispersal,59
Utqiagvik_2011,0.703302,0.452886,-0.23248,1.567843,Leaf Senescence,113
Utqiagvik_2012,-0.75041,0.545333,-1.96174,0.241754,Green up,383
Utqiagvik_2012,-2.41344,0.650012,-3.7673,-1.20948,Flowering,583
Utqiagvik_2012,-2.00323,0.634491,-3.31081,-0.75279,End of Flowering,571
Utqiagvik_2012,-2.42434,1.91099,-6.42443,1.182305,Fruiting,335
Utqiagvik_2012,-2.85224,1.494409,-5.85746,0.082973,Seed Dispersal,94
Utqiagvik_2012,0.972074,0.545861,-0.03904,2.152455,Leaf Senescence,199
Utqiagvik_2013,-0.74076,0.56441,-1.95197,0.312317,Green up,410
Utqiagvik_2013,-2.33112,0.672134,-3.70869,-1.05079,Flowering,688
Utqiagvik_2013,-2.03248,0.648912,-3.36263,-0.75302,End of Flowering,630
Utqiagvik_2013,-2.36642,1.91161,-6.36865,1.225605,Fruiting,463
Utqiagvik_2013,-2.89936,1.496314,-5.88365,0.03933,Seed Dispersal,126
Utqiagvik_2014,-0.69836,0.539974,-1.848,0.319757,Green up,475
Utqiagvik_2014,-2.45631,0.658363,-3.82412,-1.24204,Flowering,651
Utqiagvik_2014,-1.96193,0.633037,-3.25007,-0.72455,End of Flowering,434
Utqiagvik_2014,-2.77821,1.918844,-6.86662,0.844388,Fruiting,268
Utqiagvik_2014,-2.93627,1.497227,-5.9582,-0.03876,Seed Dispersal,74
Utqiagvik_2014,0.745776,0.439366,-0.16048,1.602359,Leaf Senescence,216
Utqiagvik_2015,-0.71881,0.61596,-2.02902,0.463089,Green up,477
Utqiagvik_2015,-2.33293,0.677822,-3.71465,-1.03699,Flowering,577
Utqiagvik_2015,-2.01844,0.664766,-3.38018,-0.7341,End of Flowering,485
Utqiagvik_2015,-2.20232,1.951077,-6.27661,1.450666,Fruiting,354
Utqiagvik_2015,-2.69927,1.613727,-5.90135,0.567123,Seed Dispersal,146
Utqiagvik_2015,0.996113,0.535312,0.0114,2.15799,Leaf Senescence,515
Utqiagvik_2016,-0.75697,0.555188,-1.99453,0.25883,Green up,483
Utqiagvik_2016,-2.39149,0.654535,-3.74893,-1.16427,Flowering,703
Utqiagvik_2016,-1.94647,0.622184,-3.19671,-0.70817,End of Flowering,650
Utqiagvik_2016,-2.4533,1.912848,-6.46815,1.162264,Fruiting,476
Utqiagvik_2016,-2.89277,1.486654,-5.88374,0.063916,Seed Dispersal,151
Utqiagvik_2016,0.670977,0.450817,-0.27475,1.519261,Leaf Senescence,675
Utqiagvik_2017,-0.6998,0.537626,-1.8629,0.309786,Green up,474
Utqiagvik_2017,-2.41384,0.654772,-3.76043,-1.19865,Flowering,630
Utqiagvik_2017,-1.96971,0.617372,-3.22367,-0.75624,End of Flowering,605
Utqiagvik_2017,-2.50778,1.910082,-6.46977,1.073833,Fruiting,406
Utqiagvik_2017,-2.8701,1.492022,-5.84531,0.011711,Seed Dispersal,101
Utqiagvik_2017,0.790679,0.432489,-0.07294,1.673299,Leaf Senescence,507
Utqiagvik_2018,-0.69938,0.61125,-2.00647,0.458908,Green up,492
Utqiagvik_2018,-2.54291,0.687735,-4.00535,-1.28621,Flowering,602
Utqiagvik_2018,-1.92538,0.648947,-3.20043,-0.63534,End of Flowering,396
Utqiagvik_2018,-2.93277,1.956603,-7.10235,0.769688,Fruiting,183
Utqiagvik_2018,-2.96542,1.525652,-6.06429,0.047851,Seed Dispersal,44
Utqiagvik_2018,0.623503,0.502822,-0.42755,1.587593,Leaf Senescence,514
Utqiagvik_2019,-0.68856,0.540323,-1.83784,0.316839,Green up,507
Utqiagvik_2019,-2.42612,0.645699,-3.78476,-1.2353,Flowering,555
Utqiagvik_2019,-1.99152,0.619382,-3.24495,-0.80042,End of Flowering,527
Utqiagvik_2019,-2.58521,1.90353,-6.57783,0.99526,Fruiting,359
Utqiagvik_2019,-2.95627,1.53462,-6.12273,0.062725,Seed Dispersal,169
Utqiagvik_2019,0.752914,0.429188,-0.11555,1.611598,Leaf Senescence,711
Daring Lake_2001,-2.47302,0.657807,-3.84288,-1.25883,Flowering,69
Daring Lake_2001,-1.93307,0.657896,-3.24098,-0.6255,End of Flowering,45
Daring Lake _2001,-2.81774,1.937589,-6.96226,0.857655,Fruiting,45
Daring Lake _2001,-3.08981,1.619078,-6.42892,-0.00064,Seed Dispersal,12
Daring Lake _2002,-2.4988,0.671778,-3.91197,-1.27205,Flowering,104
Daring Lake _2002,-1.98222,0.620162,-3.26476,-0.76424,End of Flowering,67
Daring Lake _2002,-2.63644,1.919691,-6.64294,1.047482,Fruiting,59
Daring Lake _2002,-2.84978,1.51238,-5.80818,0.103817,Seed Dispersal,35
Daring Lake _2003,-2.40791,0.655698,-3.78493,-1.19565,Flowering,111
Daring Lake _2003,-1.98221,0.623835,-3.25259,-0.74533,End of Flowering,65
Daring Lake _2003,-2.49201,1.912885,-6.4558,1.148386,Fruiting,56
Daring Lake _2003,-2.79884,1.523437,-5.8505,0.174737,Seed Dispersal,34
Daring Lake _2004,-2.47306,0.662214,-3.84498,-1.24316,Flowering,90
Daring Lake _2004,-1.93519,0.650788,-3.2393,-0.63424,End of Flowering,71
Daring Lake _2004,-2.68441,1.913756,-6.68512,0.907456,Fruiting,72
Daring Lake _2004,-3.08598,1.606528,-6.36106,-0.03516,Seed Dispersal,5
Daring Lake _2005,-2.4403,0.658188,-3.81017,-1.22931,Flowering,92
Daring Lake _2005,-1.92667,0.654466,-3.23236,-0.61396,End of Flowering,60
Daring Lake _2005,-2.55177,1.914803,-6.57075,1.041774,Fruiting,58
Daring Lake _2005,-3.05899,1.592575,-6.34592,-0.03591,Seed Dispersal,18
Daring Lake _2006,-2.35924,0.678958,-3.74412,-1.04952,Flowering,90
Daring Lake _2006,-2.01977,0.654996,-3.38405,-0.7703,End of Flowering,59
Daring Lake _2006,-2.28939,1.940202,-6.34551,1.406935,Fruiting,42
Daring Lake _2006,-2.76094,1.56355,-5.84833,0.319781,Seed Dispersal,31
Daring Lake _2007,-2.45907,0.649322,-3.81273,-1.25594,Flowering,96
Daring Lake _2007,-1.96536,0.622976,-3.22637,-0.72808,End of Flowering,61
Daring Lake _2007,-2.88732,1.959054,-7.08524,0.807023,Fruiting,35
Daring Lake _2007,-2.97502,1.537422,-6.06751,0.017254,Seed Dispersal,32
Daring Lake _2008,-2.36257,0.682555,-3.76277,-1.07755,Flowering,95
Daring Lake _2008,-1.96479,0.619862,-3.22429,-0.73533,End of Flowering,63
Daring Lake _2008,-2.59296,1.918929,-6.57144,1.066551,Fruiting,37
Daring Lake _2008,-2.90259,1.513716,-5.91085,0.137221,Seed Dispersal,29
Daring Lake _2009,-2.47128,0.664203,-3.85851,-1.22598,Flowering,108
Daring Lake _2009,-1.94593,0.651521,-3.26369,-0.64306,End of Flowering,37
Daring Lake _2009,-2.89216,1.951086,-7.01284,0.839834,Fruiting,53
Daring Lake _2009,-3.06571,1.579824,-6.26062,-5.43E-05,Seed Dispersal,23
Daring Lake _2010,-2.46458,0.651262,-3.8534,-1.27737,Flowering,106
Daring Lake _2010,-1.96171,0.627351,-3.23116,-0.73813,End of Flowering,48
Daring Lake _2010,-2.52478,1.911434,-6.5651,1.051583,Fruiting,41
Daring Lake _2010,-2.9477,1.522949,-5.96897,0.029007,Seed Dispersal,28
Daring Lake _2011,-2.37567,0.675646,-3.76091,-1.10282,Flowering,112
Daring Lake _2011,-1.97122,0.618399,-3.2159,-0.7438,End of Flowering,75
Daring Lake _2011,-2.46232,1.914277,-6.45517,1.17975,Fruiting,60
Daring Lake _2011,-2.80531,1.517771,-5.83123,0.167523,Seed Dispersal,33
Daring Lake _2012,-2.39064,0.654091,-3.76175,-1.20468,Flowering,105
Daring Lake _2012,-2.01628,0.650721,-3.37365,-0.74177,End of Flowering,50
Daring Lake _2012,-2.14111,1.975354,-6.18473,1.60338,Fruiting,44
Daring Lake _2012,-2.5286,1.849545,-6.04779,1.315678,Seed Dispersal,25
Daring Lake _2013,-2.42227,0.659405,-3.78186,-1.17994,Flowering,94
Daring Lake _2013,-1.99465,0.6349,-3.31566,-0.75255,End of Flowering,58
Daring Lake _2013,-2.27952,1.93034,-6.28915,1.386565,Fruiting,37
Daring Lake _2013,-2.88083,1.517042,-5.89405,0.06347,Seed Dispersal,17
Daring Lake _2014,-2.38681,0.668762,-3.77848,-1.12792,Flowering,111
Daring Lake _2014,-2.00752,0.645067,-3.33407,-0.75437,End of Flowering,51
Daring Lake _2015,-2.33908,0.699063,-3.78443,-0.99726,Flowering,91
Daring Lake _2015,-1.98263,0.624923,-3.26059,-0.75524,End of Flowering,50
Daring Lake _2015,-2.72156,1.921279,-6.79244,0.924855,Fruiting,38
Daring Lake _2015,-2.99263,1.53695,-6.09797,0.004505,Seed Dispersal,21
Daring Lake _2016,-2.40492,0.657417,-3.78156,-1.18164,Flowering,100
Daring Lake _2016,-2.02062,0.656975,-3.37072,-0.73258,End of Flowering,48
Daring Lake _2016,-2.33272,1.949426,-6.34527,1.347697,Fruiting,29
Daring Lake _2016,-2.74543,1.582366,-5.85818,0.395311,Seed Dispersal,21
Daring Lake _2017,-2.41827,0.65684,-3.81754,-1.19635,Flowering,113
Daring Lake _2017,-1.9922,0.631903,-3.26967,-0.73801,End of Flowering,68
Daring Lake _2017,-2.47428,1.914925,-6.51684,1.155663,Fruiting,68
Daring Lake _2017,-2.77159,1.555364,-5.85459,0.337744,Seed Dispersal,40
Daring Lake _2018,-2.50931,0.679338,-3.94673,-1.25209,Flowering,104
Daring Lake _2018,-1.98233,0.623347,-3.28156,-0.75118,End of Flowering,72
Daring Lake _2018,-2.59838,1.918996,-6.62832,1.022588,Fruiting,66
Daring Lake _2018,-2.93841,1.506593,-5.92302,-0.02832,Seed Dispersal,32
Daring Lake _2019,-2.53977,0.705109,-4.02848,-1.25648,Flowering,40
Daring Lake _2019,-1.98984,0.630796,-3.29958,-0.73888,End of Flowering,40
Daring Lake _2019,-2.98567,1.998849,-7.19316,0.764811,Fruiting,40
Endalen_2002,-2.42168,0.657138,-3.79087,-1.17922,Flowering,76
Endalen_2002,-1.99078,0.624941,-3.28099,-0.75568,End of Flowering,30
Endalen_2002,-2.92448,1.509516,-5.96648,0.03936,Seed Dispersal,36
Endalen_2003,-2.47646,0.655766,-3.83892,-1.26823,Flowering,93
Endalen_2003,-1.97993,0.622546,-3.27271,-0.75691,End of Flowering,29
Endalen_2003,-2.88707,1.507452,-5.89141,0.116404,Seed Dispersal,35
Endalen_2004,-2.44239,0.654527,-3.82012,-1.21044,Flowering,90
Endalen_2004,-1.99992,0.631396,-3.27809,-0.74799,End of Flowering,30
Endalen_2004,-2.84323,1.513447,-5.86195,0.179744,Seed Dispersal,33
Endalen_2005,-2.44268,0.649251,-3.80321,-1.24645,Flowering,85
Endalen_2005,-1.98443,0.626148,-3.27512,-0.74629,End of Flowering,28
Endalen_2005,-2.97002,1.508391,-5.97713,0.009812,Seed Dispersal,35
Faroe Islands_2002,-2.4432,0.658124,-3.82392,-1.22636,Flowering,13
Faroe Islands _2002,-1.95082,0.646138,-3.26511,-0.68324,End of Flowering,13
Faroe Islands _2007,-2.4347,0.667019,-3.82492,-1.20726,Flowering,15
Faroe Islands _2007,-1.97585,0.623929,-3.25773,-0.74158,End of Flowering,15
Faroe Islands _2008,-2.44055,0.66746,-3.83484,-1.19713,Flowering,15
Faroe Islands _2008,-1.98975,0.626378,-3.28439,-0.7367,End of Flowering,15
Faroe Islands _2009,-2.44197,0.656319,-3.82077,-1.22374,Flowering,15
Faroe Islands _2009,-2.01444,0.654557,-3.35469,-0.73855,End of Flowering,15
Finse_1994,-2.45241,0.657615,-3.81188,-1.23582,Flowering,81
Finse_1994,-1.9787,0.625769,-3.24818,-0.74426,End of Flowering,79
Finse_1995,-2.49822,0.674518,-3.91928,-1.25829,Flowering,60
Finse_1995,-1.98703,0.633186,-3.30305,-0.75161,End of Flowering,22
Finse_1996,-2.39957,0.665087,-3.77713,-1.1568,Flowering,59
Finse_1996,-1.93475,0.646246,-3.22284,-0.62267,End of Flowering,22
Gaviapass_2010,-2.43028,0.652157,-3.78217,-1.20878,Flowering,501
Gaviapass_2010,-2.59316,1.91492,-6.61848,1.040421,Fruiting,414
Gaviapass_2010,-2.96708,1.488559,-5.98237,-0.07225,Seed Dispersal,439
Gaviapass_2011,-2.363,0.687755,-3.7736,-1.06616,Flowering,548
Gaviapass_2011,-2.22784,1.943628,-6.24495,1.47655,Fruiting,471
Gaviapass_2011,-2.80803,1.538828,-5.83177,0.280703,Seed Dispersal,542
Gaviapass_2012,-2.35345,0.676578,-3.74627,-1.07312,Flowering,382
Gaviapass_2012,-2.07878,1.971128,-6.15099,1.617325,Fruiting,384
Gaviapass_2012,-2.70696,1.612459,-5.84021,0.556475,Seed Dispersal,396
Gaviapass_2013,-2.49872,0.681223,-3.91568,-1.22565,Flowering,271
Gaviapass_2013,-2.83809,1.944889,-6.92016,0.812098,Fruiting,299
Gaviapass_2013,-3.00724,1.534282,-6.1053,-0.02734,Seed Dispersal,279
Gaviapass_2014,-2.56788,0.720423,-4.08714,-1.26317,Flowering,294
Gaviapass_2014,-3.37102,2.117066,-7.79133,0.581293,Fruiting,295
Gaviapass_2014,-3.26999,1.844362,-7.29808,0.192427,Seed Dispersal,140
Healy_2013,-0.71013,0.582493,-1.96368,0.382274,Green up,95
Healy_2013,0.741386,0.446436,-0.17049,1.615981,Leaf Senescence,94
Healy_2014,-0.73588,0.554957,-1.94319,0.29769,Green up,93
Healy_2014,0.713581,0.452023,-0.20996,1.576169,Leaf Senescence,119
Healy_2015,-0.7509,0.556016,-1.96796,0.267867,Green up,93
Healy_2015,0.754102,0.450631,-0.16532,1.638488,Leaf Senescence,119
Healy_2016,-0.74772,0.568821,-1.99546,0.298261,Green up,95
Healy_2016,0.752239,0.444163,-0.14798,1.619532,Leaf Senescence,118
Healy_2017,-0.75078,0.548715,-1.96969,0.252901,Green up,93
Healy_2017,0.820968,0.455291,-0.08925,1.749504,Leaf Senescence,119
Healy_2018,-0.73619,0.563928,-1.97292,0.30617,Green up,24
Healy_2018,0.742181,0.44569,-0.1857,1.594852,Leaf Senescence,99
Imnavait_2010,-0.74373,0.562122,-1.97779,0.309309,Green up,237
Imnavait_2010,0.955519,0.531214,-0.02961,2.126329,Leaf Senescence,132
Imnavait_2011,-0.74175,0.54087,-1.91059,0.239414,Green up,275
Imnavait_2011,0.681514,0.47842,-0.31519,1.610679,Leaf Senescence,304
Imnavait_2012,-0.71296,0.550158,-1.8901,0.329354,Green up,304
Imnavait_2012,0.757458,0.468673,-0.22128,1.672274,Leaf Senescence,83
Jakobshorn_2015,-0.72658,0.559642,-1.95495,0.312501,Green up,26
Jakobshorn_2015,-2.4789,0.659697,-3.87016,-1.25768,Flowering,168
Jakobshorn_2015,-1.94577,0.635931,-3.22822,-0.67939,End of Flowering,88
Jakobshorn_2015,0.820119,0.492005,-0.13899,1.817237,Leaf Senescence,30
Kangerlussuaq_2003,-0.76886,0.551196,-1.97113,0.222131,Green up,48
Kangerlussuaq_2003,-2.43254,0.655799,-3.81692,-1.21679,Flowering,94
Kangerlussuaq_2003,-2.5369,1.939719,-6.61516,1.186018,Fruiting,60
Kangerlussuaq_2004,-0.741,0.543716,-1.93239,0.261648,Green up,48
Kangerlussuaq_2004,-2.43834,0.65398,-3.80245,-1.22511,Flowering,42
Latnjajaure_1993,-0.73604,0.553051,-1.93613,0.298165,Green up,10
Latnjajaure_1993,-2.44493,0.654031,-3.80583,-1.23334,Flowering,40
Latnjajaure_1993,-1.98191,0.627276,-3.26633,-0.75368,End of Flowering,30
Latnjajaure_1993,-2.88147,1.512013,-5.93557,0.12418,Seed Dispersal,29
Latnjajaure_1993,0.831283,0.47284,-0.08317,1.797757,Leaf Senescence,20
Latnjajaure_1994,-0.73973,0.553893,-1.94775,0.295993,Green up,10
Latnjajaure_1994,-2.46993,0.656102,-3.82982,-1.23585,Flowering,50
Latnjajaure_1994,-1.98575,0.628282,-3.27669,-0.74526,End of Flowering,29
Latnjajaure_1994,-2.99382,1.509944,-6.09786,-0.04766,Seed Dispersal,26
Latnjajaure_1994,0.700776,0.471568,-0.31093,1.604788,Leaf Senescence,20
Latnjajaure_1995,-0.73187,0.548702,-1.93906,0.279155,Green up,10
Latnjajaure_1995,-2.4807,0.667343,-3.86106,-1.24672,Flowering,50
Latnjajaure_1995,-1.96391,0.634599,-3.23855,-0.71348,End of Flowering,30
Latnjajaure_1995,-3.03619,1.581953,-6.22487,0.01365,Seed Dispersal,18
Latnjajaure_1995,0.747191,0.464218,-0.20437,1.66466,Leaf Senescence,20
Latnjajaure_1996,-0.72324,0.560514,-1.9336,0.321985,Green up,10
Latnjajaure_1996,-2.49723,0.658579,-3.87211,-1.28248,Flowering,50
Latnjajaure_1996,-1.99305,0.631348,-3.28179,-0.76104,End of Flowering,28
Latnjajaure_1996,-3.00186,1.517365,-6.09798,-0.10831,Seed Dispersal,28
Latnjajaure_1996,0.610749,0.514131,-0.49898,1.532639,Leaf Senescence,20
Latnjajaure_1997,-0.73919,0.563625,-1.96919,0.326851,Green up,10
Latnjajaure_1997,-2.36196,0.684302,-3.76799,-1.05856,Flowering,49
Latnjajaure_1997,-2.03723,0.677646,-3.45964,-0.72184,End of Flowering,10
Latnjajaure_1997,-2.74426,1.605296,-5.89434,0.45408,Seed Dispersal,17
Latnjajaure_1997,0.873058,0.489887,-0.07151,1.898792,Leaf Senescence,20
Niwot Ridge_1995,-2.58633,0.778231,-4.22869,-1.16937,Flowering,53
Niwot Ridge_1995,-1.91051,0.708322,-3.30706,-0.48335,End of Flowering,94
Niwot Ridge_1996,-2.2969,0.751157,-3.78196,-0.81005,Flowering,115
Niwot Ridge_1996,-2.03335,0.690998,-3.46394,-0.6847,End of Flowering,115
Niwot Ridge_2007,-2.40135,0.67074,-3.79694,-1.15177,Flowering,118
Niwot Ridge_2007,-1.97599,0.643852,-3.30013,-0.69863,End of Flowering,111
Niwot Ridge_2008,-2.41181,0.658352,-3.78729,-1.18259,Flowering,40
Niwot Ridge_2018,-0.766,0.613028,-2.0983,0.363263,Green up,124
Niwot Ridge_2018,-2.38921,0.669402,-3.77132,-1.12435,Flowering,182
Niwot Ridge_2018,-2.0194,0.682738,-3.415,-0.68044,End of Flowering,145
Niwot Ridge_2018,1.038541,0.611317,-0.04678,2.424615,Leaf Senescence,118
Niwot Ridge_2019,-0.68212,0.64937,-2.07056,0.597809,Green up,187
Niwot Ridge_2019,-2.5227,0.694769,-4.00131,-1.24655,Flowering,127
Niwot Ridge_2019,-1.91774,0.66856,-3.24568,-0.58029,End of Flowering,128
Niwot Ridge_2019,0.458201,0.635114,-0.96368,1.55509,Leaf Senescence,288
Toolik Lake _1995,-0.71645,0.56267,-1.93894,0.325252,Green up,24
Toolik Lake _1995,-2.43969,0.652104,-3.7878,-1.2312,Flowering,41
Toolik Lake _1995,-1.99481,0.622414,-3.28258,-0.74719,End of Flowering,27
Toolik Lake _1995,-2.64754,1.771846,-6.09636,1.00168,Seed Dispersal,14
Toolik Lake _1996,-2.44527,0.662187,-3.81713,-1.21115,Flowering,109
Toolik Lake _1996,-1.97169,0.628978,-3.24862,-0.72803,End of Flowering,86
Toolik Lake _1996,-2.98019,1.509142,-6.04033,-0.0709,Seed Dispersal,17
Toolik Lake _1996,0.644783,0.480585,-0.3631,1.560405,Leaf Senescence,139
Toolik Lake _1997,-0.77618,0.538955,-1.96788,0.170494,Green up,163
Toolik Lake _1997,-2.41722,0.653165,-3.78176,-1.21049,Flowering,129
Toolik Lake _1997,-1.96992,0.621218,-3.23581,-0.74409,End of Flowering,87
Toolik Lake _1997,-2.86434,1.496278,-5.84074,0.098625,Seed Dispersal,49
Toolik Lake _1997,0.865198,0.469417,-0.05782,1.813879,Leaf Senescence,163
Toolik Lake _1998,-0.74847,0.601252,-2.04733,0.379489,Green up,166
Toolik Lake _1998,-2.35796,0.683687,-3.76587,-1.04118,Flowering,134
Toolik Lake _1998,-2.02632,0.6457,-3.35763,-0.76845,End of Flowering,91
Toolik Lake_1998,-2.85394,1.49553,-5.82387,0.067653,Seed Dispersal,64
Toolik Lake _1998,0.828811,0.451425,-0.05645,1.741675,Leaf Senescence,147
Toolik Lake _1999,-0.72571,0.535932,-1.89612,0.256051,Green up,167
Toolik Lake _1999,-2.42,0.654428,-3.78131,-1.18834,Flowering,131
Toolik Lake _1999,-2.01403,0.639728,-3.3355,-0.76545,End of Flowering,86
Toolik Lake _1999,-2.93421,1.496902,-5.92522,-0.03257,Seed Dispersal,52
Toolik Lake _1999,0.989098,0.52081,0.042579,2.147743,Leaf Senescence,157
Toolik Lake _2000,-0.70705,0.558786,-1.91145,0.32744,Green up,168
Toolik Lake _2000,-2.51016,0.657435,-3.90592,-1.30826,Flowering,145
Toolik Lake _2000,-1.95659,0.634791,-3.23661,-0.68637,End of Flowering,90
Toolik Lake _2000,-3.00194,1.549894,-6.19746,0.013171,Seed Dispersal,43
Toolik Lake _2000,0.645022,0.464493,-0.35109,1.513722,Leaf Senescence,160
Toolik Lake _2001,-0.70548,0.540399,-1.86479,0.305616,Green up,167
Toolik Lake _2001,-2.46445,0.664123,-3.82915,-1.23163,Flowering,132
Toolik Lake _2001,-1.95258,0.63139,-3.23367,-0.70107,End of Flowering,67
Toolik Lake _2001,-3.0078,1.551948,-6.22299,0.025759,Seed Dispersal,59
Toolik Lake _2001,0.724629,0.445697,-0.20867,1.589622,Leaf Senescence,151
Toolik Lake _2002,-0.74185,0.562034,-1.95438,0.297562,Green up,10
Toolik Lake _2002,-2.40778,0.663155,-3.77192,-1.17187,Flowering,112
Toolik Lake _2002,-2.01907,0.629478,-3.30178,-0.79146,End of Flowering,68
Toolik Lake _2002,-2.84441,1.48791,-5.82667,0.057948,Seed Dispersal,49
Toolik Lake_2002,0.79423,0.443146,-0.09164,1.686099,Leaf Senescence,166
Val Bercla_2014,-2.41872,0.668802,-3.79871,-1.15746,Flowering,73
Val Bercla_2014,-1.93448,0.652913,-3.25823,-0.62516,End of Flowering,54
Val Bercla_2015,-2.46169,0.664473,-3.85566,-1.23786,Flowering,85
Val Bercla_2015,-2.00749,0.643654,-3.30897,-0.74688,End of Flowering,73
White Mts_2013,-2.41034,0.671804,-3.83195,-1.15921,Flowering,18
